[{"model": "admin.logentry", "pk": 1, "fields": {"action_time": "2023-01-13T14:36:29.336Z", "user": 1, "content_type": 10, "object_id": "1", "object_repr": "fructe", "action_flag": 1, "change_message": "[{\"added\": {}}]"}}, {"model": "admin.logentry", "pk": 2, "fields": {"action_time": "2023-01-13T14:36:33.443Z", "user": 1, "content_type": 10, "object_id": "2", "object_repr": "legume", "action_flag": 1, "change_message": "[{\"added\": {}}]"}}, {"model": "admin.logentry", "pk": 3, "fields": {"action_time": "2023-01-13T14:38:51.499Z", "user": 1, "content_type": 10, "object_id": "3", "object_repr": "bricolaj", "action_flag": 1, "change_message": "[{\"added\": {}}]"}}, {"model": "admin.logentry", "pk": 4, "fields": {"action_time": "2023-01-13T14:43:28.289Z", "user": 1, "content_type": 6, "object_id": "1", "object_repr": "castraveti", "action_flag": 1, "change_message": "[{\"added\": {}}]"}}, {"model": "admin.logentry", "pk": 5, "fields": {"action_time": "2023-01-16T11:49:31.636Z", "user": 1, "content_type": 10, "object_id": "4", "object_repr": "masini", "action_flag": 1, "change_message": "[{\"added\": {}}]"}}, {"model": "admin.logentry", "pk": 6, "fields": {"action_time": "2023-01-16T15:52:11.396Z", "user": 1, "content_type": 10, "object_id": "6", "object_repr": "topoare", "action_flag": 1, "change_message": "[{\"added\": {}}]"}}, {"model": "admin.logentry", "pk": 7, "fields": {"action_time": "2023-01-16T15:53:45.499Z", "user": 1, "content_type": 10, "object_id": "7", "object_repr": "sabii", "action_flag": 1, "change_message": "[{\"added\": {}}]"}}, {"model": "admin.logentry", "pk": 8, "fields": {"action_time": "2023-01-16T15:53:48.685Z", "user": 1, "content_type": 10, "object_id": "8", "object_repr": "lanci", "action_flag": 1, "change_message": "[{\"added\": {}}]"}}, {"model": "admin.logentry", "pk": 9, "fields": {"action_time": "2023-01-16T15:53:53.519Z", "user": 1, "content_type": 10, "object_id": "9", "object_repr": "covoare", "action_flag": 1, "change_message": "[{\"added\": {}}]"}}, {"model": "admin.logentry", "pk": 10, "fields": {"action_time": "2023-01-16T15:53:59.187Z", "user": 1, "content_type": 10, "object_id": "10", "object_repr": "presuri", "action_flag": 1, "change_message": "[{\"added\": {}}]"}}, {"model": "admin.logentry", "pk": 11, "fields": {"action_time": "2023-01-16T15:55:16.206Z", "user": 1, "content_type": 10, "object_id": "11", "object_repr": "vacante", "action_flag": 1, "change_message": "[{\"added\": {}}]"}}, {"model": "admin.logentry", "pk": 12, "fields": {"action_time": "2023-01-16T15:55:22.313Z", "user": 1, "content_type": 10, "object_id": "12", "object_repr": "avioane", "action_flag": 1, "change_message": "[{\"added\": {}}]"}}, {"model": "admin.logentry", "pk": 13, "fields": {"action_time": "2023-01-17T16:49:41.339Z", "user": 1, "content_type": 10, "object_id": "13", "object_repr": "nave", "action_flag": 1, "change_message": "[{\"added\": {}}]"}}, {"model": "admin.logentry", "pk": 14, "fields": {"action_time": "2023-01-17T16:49:49.560Z", "user": 1, "content_type": 10, "object_id": "14", "object_repr": "branzeturi", "action_flag": 1, "change_message": "[{\"added\": {}}]"}}, {"model": "auth.permission", "pk": 1, "fields": {"name": "Can add log entry", "content_type": 1, "codename": "add_logentry"}}, {"model": "auth.permission", "pk": 2, "fields": {"name": "Can change log entry", "content_type": 1, "codename": "change_logentry"}}, {"model": "auth.permission", "pk": 3, "fields": {"name": "Can delete log entry", "content_type": 1, "codename": "delete_logentry"}}, {"model": "auth.permission", "pk": 4, "fields": {"name": "Can view log entry", "content_type": 1, "codename": "view_logentry"}}, {"model": "auth.permission", "pk": 5, "fields": {"name": "Can add permission", "content_type": 2, "codename": "add_permission"}}, {"model": "auth.permission", "pk": 6, "fields": {"name": "Can change permission", "content_type": 2, "codename": "change_permission"}}, {"model": "auth.permission", "pk": 7, "fields": {"name": "Can delete permission", "content_type": 2, "codename": "delete_permission"}}, {"model": "auth.permission", "pk": 8, "fields": {"name": "Can view permission", "content_type": 2, "codename": "view_permission"}}, {"model": "auth.permission", "pk": 9, "fields": {"name": "Can add group", "content_type": 3, "codename": "add_group"}}, {"model": "auth.permission", "pk": 10, "fields": {"name": "Can change group", "content_type": 3, "codename": "change_group"}}, {"model": "auth.permission", "pk": 11, "fields": {"name": "Can delete group", "content_type": 3, "codename": "delete_group"}}, {"model": "auth.permission", "pk": 12, "fields": {"name": "Can view group", "content_type": 3, "codename": "view_group"}}, {"model": "auth.permission", "pk": 13, "fields": {"name": "Can add content type", "content_type": 4, "codename": "add_contenttype"}}, {"model": "auth.permission", "pk": 14, "fields": {"name": "Can change content type", "content_type": 4, "codename": "change_contenttype"}}, {"model": "auth.permission", "pk": 15, "fields": {"name": "Can delete content type", "content_type": 4, "codename": "delete_contenttype"}}, {"model": "auth.permission", "pk": 16, "fields": {"name": "Can view content type", "content_type": 4, "codename": "view_contenttype"}}, {"model": "auth.permission", "pk": 17, "fields": {"name": "Can add session", "content_type": 5, "codename": "add_session"}}, {"model": "auth.permission", "pk": 18, "fields": {"name": "Can change session", "content_type": 5, "codename": "change_session"}}, {"model": "auth.permission", "pk": 19, "fields": {"name": "Can delete session", "content_type": 5, "codename": "delete_session"}}, {"model": "auth.permission", "pk": 20, "fields": {"name": "Can view session", "content_type": 5, "codename": "view_session"}}, {"model": "auth.permission", "pk": 21, "fields": {"name": "Can add expenses", "content_type": 6, "codename": "add_expenses"}}, {"model": "auth.permission", "pk": 22, "fields": {"name": "Can change expenses", "content_type": 6, "codename": "change_expenses"}}, {"model": "auth.permission", "pk": 23, "fields": {"name": "Can delete expenses", "content_type": 6, "codename": "delete_expenses"}}, {"model": "auth.permission", "pk": 24, "fields": {"name": "Can view expenses", "content_type": 6, "codename": "view_expenses"}}, {"model": "auth.permission", "pk": 25, "fields": {"name": "Can add user", "content_type": 7, "codename": "add_customuser"}}, {"model": "auth.permission", "pk": 26, "fields": {"name": "Can change user", "content_type": 7, "codename": "change_customuser"}}, {"model": "auth.permission", "pk": 27, "fields": {"name": "Can delete user", "content_type": 7, "codename": "delete_customuser"}}, {"model": "auth.permission", "pk": 28, "fields": {"name": "Can view user", "content_type": 7, "codename": "view_customuser"}}, {"model": "auth.permission", "pk": 29, "fields": {"name": "Can add user profile", "content_type": 8, "codename": "add_userprofile"}}, {"model": "auth.permission", "pk": 30, "fields": {"name": "Can change user profile", "content_type": 8, "codename": "change_userprofile"}}, {"model": "auth.permission", "pk": 31, "fields": {"name": "Can delete user profile", "content_type": 8, "codename": "delete_userprofile"}}, {"model": "auth.permission", "pk": 32, "fields": {"name": "Can view user profile", "content_type": 8, "codename": "view_userprofile"}}, {"model": "auth.permission", "pk": 33, "fields": {"name": "Can add auth token", "content_type": 9, "codename": "add_authtoken"}}, {"model": "auth.permission", "pk": 34, "fields": {"name": "Can change auth token", "content_type": 9, "codename": "change_authtoken"}}, {"model": "auth.permission", "pk": 35, "fields": {"name": "Can delete auth token", "content_type": 9, "codename": "delete_authtoken"}}, {"model": "auth.permission", "pk": 36, "fields": {"name": "Can view auth token", "content_type": 9, "codename": "view_authtoken"}}, {"model": "auth.permission", "pk": 37, "fields": {"name": "Can add categories", "content_type": 10, "codename": "add_categories"}}, {"model": "auth.permission", "pk": 38, "fields": {"name": "Can change categories", "content_type": 10, "codename": "change_categories"}}, {"model": "auth.permission", "pk": 39, "fields": {"name": "Can delete categories", "content_type": 10, "codename": "delete_categories"}}, {"model": "auth.permission", "pk": 40, "fields": {"name": "Can view categories", "content_type": 10, "codename": "view_categories"}}, {"model": "auth.permission", "pk": 41, "fields": {"name": "Can add Token", "content_type": 11, "codename": "add_token"}}, {"model": "auth.permission", "pk": 42, "fields": {"name": "Can change Token", "content_type": 11, "codename": "change_token"}}, {"model": "auth.permission", "pk": 43, "fields": {"name": "Can delete Token", "content_type": 11, "codename": "delete_token"}}, {"model": "auth.permission", "pk": 44, "fields": {"name": "Can view Token", "content_type": 11, "codename": "view_token"}}, {"model": "auth.permission", "pk": 45, "fields": {"name": "Can add token", "content_type": 12, "codename": "add_tokenproxy"}}, {"model": "auth.permission", "pk": 46, "fields": {"name": "Can change token", "content_type": 12, "codename": "change_tokenproxy"}}, {"model": "auth.permission", "pk": 47, "fields": {"name": "Can delete token", "content_type": 12, "codename": "delete_tokenproxy"}}, {"model": "auth.permission", "pk": 48, "fields": {"name": "Can view token", "content_type": 12, "codename": "view_tokenproxy"}}, {"model": "auth.permission", "pk": 49, "fields": {"name": "Can add stats expenses materialized viw", "content_type": 13, "codename": "add_statsexpensesmaterializedviw"}}, {"model": "auth.permission", "pk": 50, "fields": {"name": "Can change stats expenses materialized viw", "content_type": 13, "codename": "change_statsexpensesmaterializedviw"}}, {"model": "auth.permission", "pk": 51, "fields": {"name": "Can delete stats expenses materialized viw", "content_type": 13, "codename": "delete_statsexpensesmaterializedviw"}}, {"model": "auth.permission", "pk": 52, "fields": {"name": "Can view stats expenses materialized viw", "content_type": 13, "codename": "view_statsexpensesmaterializedviw"}}, {"model": "contenttypes.contenttype", "pk": 1, "fields": {"app_label": "admin", "model": "logentry"}}, {"model": "contenttypes.contenttype", "pk": 2, "fields": {"app_label": "auth", "model": "permission"}}, {"model": "contenttypes.contenttype", "pk": 3, "fields": {"app_label": "auth", "model": "group"}}, {"model": "contenttypes.contenttype", "pk": 4, "fields": {"app_label": "contenttypes", "model": "contenttype"}}, {"model": "contenttypes.contenttype", "pk": 5, "fields": {"app_label": "sessions", "model": "session"}}, {"model": "contenttypes.contenttype", "pk": 6, "fields": {"app_label": "API", "model": "expenses"}}, {"model": "contenttypes.contenttype", "pk": 7, "fields": {"app_label": "accounts", "model": "customuser"}}, {"model": "contenttypes.contenttype", "pk": 8, "fields": {"app_label": "accounts", "model": "userprofile"}}, {"model": "contenttypes.contenttype", "pk": 9, "fields": {"app_label": "knox", "model": "authtoken"}}, {"model": "contenttypes.contenttype", "pk": 10, "fields": {"app_label": "categories", "model": "categories"}}, {"model": "contenttypes.contenttype", "pk": 11, "fields": {"app_label": "authtoken", "model": "token"}}, {"model": "contenttypes.contenttype", "pk": 12, "fields": {"app_label": "authtoken", "model": "tokenproxy"}}, {"model": "contenttypes.contenttype", "pk": 13, "fields": {"app_label": "API", "model": "statsexpensesmaterializedviw"}}, {"model": "sessions.session", "pk": "v2wmir00qay5wb0auhr9r8f6cteg37of", "fields": {"session_data": ".eJxVjMsOwiAQAP-FsyG7C1Lw6N1vIDwWqRqalPZk_HdD0oNeZybzFj7sW_V759XPWVwEidMviyE9uQ2RH6HdF5mWtq1zlCORh-3ytmR-XY_2b1BDr2PL6hxp4mA1cskGLDqEUsgxgAacHGZDpLCAIgsYcwJTUjAEyhTQ4vMFwpY2vw:1pMUtH:rNa81PWK06gP3Dm7e9gvMO7t-qqb_vLNqlFlmnraCac", "expire_date": "2023-02-13T14:12:11.293Z"}}, {"model": "sessions.session", "pk": "xyhopq2t6a24t5d2czvv83cx321yfoib", "fields": {"session_data": ".eJxVjDsOwjAQBe_iGlle48-Gkp4zRLtrgwPIluKkQtwdIqWA9s3Me6mR1qWMa8_zOCV1UqAOvxuTPHLdQLpTvTUtrS7zxHpT9E67vrSUn-fd_Tso1Mu3DgEzosvJszgYIjt2AT0MgkTWArOBayJAQA5emI8mojXOxCjWoVfvD9RLNw8:1pGLAG:HCIcEiFtO4x_WqkmIwyyxQKx64tpFoxk8tLIrhshwq8", "expire_date": "2023-01-27T14:36:16.305Z"}}, {"model": "API.expenses", "pk": 58, "fields": {"name": "sampon", "amount": 20, "price": 30000.0, "currency": "ron", "category": 13, "additional_info": null, "date": "2023-01-20", "user": 2}}, {"model": "API.expenses", "pk": 59, "fields": {"name": "sarmalute", "amount": 20, "price": 30000.0, "currency": "ron", "category": 13, "additional_info": null, "date": "2023-01-20", "user": 2}}, {"model": "API.expenses", "pk": 72, "fields": {"name": "nasturei", "amount": 20, "price": 3323232323.0, "currency": "ron", "category": 13, "additional_info": null, "date": "2023-01-18", "user": 2}}, {"model": "API.expenses", "pk": 73, "fields": {"name": "baclava", "amount": 20, "price": 3323232323.0, "currency": "ron", "category": 16, "additional_info": null, "date": "2023-01-18", "user": 2}}, {"model": "API.expenses", "pk": 74, "fields": {"name": "sarmale", "amount": 20, "price": 3323232323.0, "currency": "ron", "category": 7, "additional_info": null, "date": "2023-01-18", "user": 2}}, {"model": "API.expenses", "pk": 75, "fields": {"name": "papuci", "amount": 20, "price": 3323232323.0, "currency": "ron", "category": 11, "additional_info": null, "date": "2023-01-18", "user": 2}}, {"model": "API.expenses", "pk": 76, "fields": {"name": "miere", "amount": 20, "price": 3323232323.0, "currency": "ron", "category": 9, "additional_info": null, "date": "2023-01-18", "user": 2}}, {"model": "API.expenses", "pk": 78, "fields": {"name": "chitare", "amount": 20, "price": 3323232323.0, "currency": "ron", "category": 11, "additional_info": null, "date": "2023-01-23", "user": 2}}, {"model": "API.expenses", "pk": 79, "fields": {"name": "jalapane", "amount": 20, "price": 3323232323.0, "currency": "ron", "category": 11, "additional_info": null, "date": "2023-01-23", "user": 2}}, {"model": "accounts.customuser", "pk": 1, "fields": {"password": "pbkdf2_sha256$390000$TiYGrBYXlqcEyqG1GZfdse$CLf8Cfl01MJFWhIDBEvajG9CoRpeA6yP56yPSmeVBaQ=", "last_login": "2023-01-13T14:36:16.300Z", "is_superuser": true, "username": "", "is_staff": true, "is_active": true, "date_joined": "2023-01-13T14:35:52.915Z", "email": "silviuh@gmail.com", "first_name": "", "last_name": "", "daily_limit": 0, "user_type": 1, "groups": [], "user_permissions": []}}, {"model": "accounts.customuser", "pk": 2, "fields": {"password": "pbkdf2_sha256$390000$rYFkukSsemC483dMhskNwi$ecsA3y/fSG9ptomcCTkW2A4zBeOgRviHJQaZ/5mzpYk=", "last_login": "2023-01-30T14:12:11.286Z", "is_superuser": false, "username": "alex", "is_staff": false, "is_active": true, "date_joined": "2023-01-13T14:38:17.550Z", "email": "alexmihai@gmail.com", "first_name": "alex", "last_name": "mihai", "daily_limit": 0, "user_type": 1, "groups": [], "user_permissions": []}}, {"model": "accounts.customuser", "pk": 3, "fields": {"password": "pbkdf2_sha256$390000$RM9rrGXwNzusQgk0Q8FDKP$748L0InomIoJiB0TT4qbuQ4YP06gVY+cO2WBVBhHBnU=", "last_login": "2023-01-16T11:48:11.511Z", "is_superuser": false, "username": "dan", "is_staff": false, "is_active": true, "date_joined": "2023-01-13T14:38:35.381Z", "email": "dan@gmail.com", "first_name": "dan", "last_name": "segal", "daily_limit": 0, "user_type": 1, "groups": [], "user_permissions": []}}, {"model": "accounts.customuser", "pk": 4, "fields": {"password": "pbkdf2_sha256$390000$HOHnStSAdlWuE8ih0nQLRE$FgWKVtVyJVBEDM8L/KAnppcR2PbnV6ZnQkQs0ovfvEg=", "last_login": "2023-01-20T10:52:07.508Z", "is_superuser": false, "username": "bob", "is_staff": false, "is_active": true, "date_joined": "2023-01-16T15:51:06.353Z", "email": "bob@gmail.com", "first_name": "bob", "last_name": "builder", "daily_limit": 0, "user_type": 1, "groups": [], "user_permissions": []}}, {"model": "accounts.customuser", "pk": 5, "fields": {"password": "pbkdf2_sha256$390000$wQaPe7sueWdfkNZr3tqa2T$L2tUBV5OJa/UbXd6MBoBpiWhoEmBTSiS19d74+kyBOs=", "last_login": null, "is_superuser": false, "username": "sala", "is_staff": false, "is_active": true, "date_joined": "2023-01-27T16:12:11.604Z", "email": "saka@gmail.com", "first_name": "sala", "last_name": "sala", "daily_limit": 0, "user_type": 1, "groups": [], "user_permissions": []}}, {"model": "accounts.customuser", "pk": 6, "fields": {"password": "pbkdf2_sha256$390000$r9XN7BFTs0VJDxhdAI5T4E$c3XifxLfm8HoOdzISnOEmM2WA7Fq4QbwLY5jkARsYrY=", "last_login": null, "is_superuser": false, "username": "mala", "is_staff": false, "is_active": true, "date_joined": "2023-01-27T16:15:04.287Z", "email": "mala@gmail.com", "first_name": "mala", "last_name": "mala", "daily_limit": 0, "user_type": 1, "groups": [], "user_permissions": []}}, {"model": "accounts.customuser", "pk": 7, "fields": {"password": "pbkdf2_sha256$390000$IzAQUw0OB9GtemgwH4mKqB$/JPlg863noORJojG3vOL5S2ksZb418c1EvHEra/Svmw=", "last_login": null, "is_superuser": false, "username": "SDS", "is_staff": false, "is_active": true, "date_joined": "2023-01-27T16:15:38.273Z", "email": "SDSD@gmail.com", "first_name": "WDW", "last_name": "DSD", "daily_limit": 0, "user_type": 1, "groups": [], "user_permissions": []}}, {"model": "accounts.userprofile", "pk": 1, "fields": {"phone": null, "is_verified": false, "created_at": "2023-01-13T14:35:53.166Z", "updated_at": "2023-01-13T14:36:16.303Z"}}, {"model": "accounts.userprofile", "pk": 2, "fields": {"phone": null, "is_verified": false, "created_at": "2023-01-13T14:38:17.842Z", "updated_at": "2023-01-30T14:12:11.288Z"}}, {"model": "accounts.userprofile", "pk": 3, "fields": {"phone": null, "is_verified": false, "created_at": "2023-01-13T14:38:35.680Z", "updated_at": "2023-01-16T11:48:11.513Z"}}, {"model": "accounts.userprofile", "pk": 4, "fields": {"phone": null, "is_verified": false, "created_at": "2023-01-16T15:51:06.608Z", "updated_at": "2023-01-20T10:52:07.510Z"}}, {"model": "accounts.userprofile", "pk": 5, "fields": {"phone": null, "is_verified": false, "created_at": "2023-01-27T16:12:11.900Z", "updated_at": "2023-01-27T16:12:11.903Z"}}, {"model": "accounts.userprofile", "pk": 6, "fields": {"phone": null, "is_verified": false, "created_at": "2023-01-27T16:15:04.584Z", "updated_at": "2023-01-27T16:15:04.586Z"}}, {"model": "accounts.userprofile", "pk": 7, "fields": {"phone": null, "is_verified": false, "created_at": "2023-01-27T16:15:38.601Z", "updated_at": "2023-01-27T16:15:38.602Z"}}, {"model": "knox.authtoken", "pk": "5bcfdc4d637561b38b7070a6afd3510babc55006685766fe79074710e82f511b409c64a998abea84aa0ca038dd9c8bd83ec11e772746f6fa56dda0dc2966f5ce", "fields": {"token_key": "f0e8e127", "user": 7, "created": "2023-01-27T16:15:38.704Z", "expiry": "2023-01-28T02:15:38.703Z"}}, {"model": "knox.authtoken", "pk": "8c70a79ff572c76310df3524e53e0dff9d4a1905805f60e6ccdba51f8743702935e0c7eccffc57605a6090b066879f36b564611ae1d6902fde2a9cec42f02d9f", "fields": {"token_key": "753c170b", "user": 4, "created": "2023-01-20T10:52:07.506Z", "expiry": "2023-01-20T20:52:07.505Z"}}, {"model": "knox.authtoken", "pk": "d336273fe225e1395c05a12ad69c58a16a5f34e24f62d954f61b9c60ac90e1499d3c9836d9af26b4431e57ead69bea10f51b097a25a42976d9686c766a74b44b", "fields": {"token_key": "1b61fe2f", "user": 2, "created": "2023-01-30T14:12:11.284Z", "expiry": "2023-01-31T00:12:11.283Z"}}, {"model": "knox.authtoken", "pk": "dc33f8f58de8c6abf6636bddd92dafdd444b9ce5cb238da21d468e77998540ab42c523c48d80d852641e9caeb3d44d8ee6cdc9c229ee722f0fe20000788ca5bb", "fields": {"token_key": "ac47c8f5", "user": 6, "created": "2023-01-27T16:15:04.698Z", "expiry": "2023-01-28T02:15:04.698Z"}}, {"model": "knox.authtoken", "pk": "febd72b83a809334e813ec7a4f7e2e55a2544e0c25928cea0bacf9b2252eeda89001ffe1098b17adfbcb3515320f99c429ac2c54243ccda9a0ee3596d191bde9", "fields": {"token_key": "bc4a65cf", "user": 5, "created": "2023-01-27T16:12:11.931Z", "expiry": "2023-01-28T02:12:11.930Z"}}, {"model": "categories.categories", "pk": 1, "fields": {"name": "fructe", "user": 1}}, {"model": "categories.categories", "pk": 2, "fields": {"name": "legume", "user": 1}}, {"model": "categories.categories", "pk": 3, "fields": {"name": "bricolaj", "user": 3}}, {"model": "categories.categories", "pk": 4, "fields": {"name": "masini", "user": 3}}, {"model": "categories.categories", "pk": 5, "fields": {"name": "imobiliare", "user": 1}}, {"model": "categories.categories", "pk": 6, "fields": {"name": "topoare", "user": 4}}, {"model": "categories.categories", "pk": 7, "fields": {"name": "sabii", "user": null}}, {"model": "categories.categories", "pk": 8, "fields": {"name": "lanci", "user": null}}, {"model": "categories.categories", "pk": 9, "fields": {"name": "covoare", "user": null}}, {"model": "categories.categories", "pk": 10, "fields": {"name": "presuri", "user": 4}}, {"model": "categories.categories", "pk": 11, "fields": {"name": "vacante", "user": null}}, {"model": "categories.categories", "pk": 12, "fields": {"name": "avioane", "user": 4}}, {"model": "categories.categories", "pk": 13, "fields": {"name": "nave", "user": 2}}, {"model": "categories.categories", "pk": 15, "fields": {"name": "imobiliare", "user": 2}}, {"model": "categories.categories", "pk": 16, "fields": {"name": "animale", "user": 2}}]